name|video|start|end|speaker|orth|translation
01June_2011_Wednesday_heute-944|01June_2011_Wednesday_heute-944/1/*.png|-1|-1|Signer01|LIEB ZUSCHAUER GUT ABEND|liebe zuschauer guten abend
01June_2010_Tuesday_heute-6617|01June_2010_Tuesday_heute-6617/1/*.png|-1|-1|Signer01|ENDLICH WIRKLICH SOMMER KOMMEN|da kommt endlich dann wirklich mal der sommer
01April_2010_Thursday_tagesschau-4323|01April_2010_Thursday_tagesschau-4323/1/*.png|-1|-1|Signer04|MORGEN UEBERWIEGEND FREUNDLICH IX SCHAUER|am tag ist es überwiegend freundlich und nur vereinzelt fallen schauer
01December_2011_Thursday_tagesschau-3478|01December_2011_Thursday_tagesschau-3478/1/*.png|-1|-1|Signer05|MONTAG OFT STARK WOLKE TEIL ORT REGEN|am montag ist es oft stark bewölkt gebietsweise regnet es kräftig
01May_2010_Saturday_tagesschau-7196|01May_2010_Saturday_tagesschau-7196/1/*.png|-1|-1|Signer05|DIENSTAG SUEDOST REGEN NORDWEST MEHR FREUNDLICH|am dienstag regnet es im südosten ab und an richtung nordwesten ist es recht freundlich
01June_2010_Tuesday_heute-6610|01June_2010_Tuesday_heute-6610/1/*.png|-1|-1|Signer01|MORGEN WEITER REGEN REGION BISSCHEN VERAENDERN|und morgen geht es weiter mit dem regen über der osthälfte ein bisschen verändert
01May_2010_Saturday_tagesschau-7191|01May_2010_Saturday_tagesschau-7191/1/*.png|-1|-1|Signer05|NORD SCHWACH MAESSIG NORD WEHEN SONST REGION SCHWACH WEHEN|der wind weht im norden schwach bis mäßig aus ost bis nordost sonst schwach aus unterschiedlichen richtungen
01April_2010_Thursday_tagesschau-4324|01April_2010_Thursday_tagesschau-4324/1/*.png|-1|-1|Signer04|ABEND WEST SUED BISSCHEN REGEN|gegen abend beginnt es dann im westen und südwesten hier und da zu regnen
01December_2011_Thursday_tagesschau-3476|01December_2011_Thursday_tagesschau-3476/1/*.png|-1|-1|Signer05|SAMSTAG WIEDER NEU REGEN KOMMEN WIND STURM|im laufe des samstags breiten sich neue regenfälle von nordwest nach südost aus dazu wird es sehr windig bis stürmisch
01December_2011_Thursday_tagesschau-3471|01December_2011_Thursday_tagesschau-3471/1/*.png|-1|-1|Signer05|MEISTENS WOLKE REGEN SUED KOMMEN|die dichten regenwolken verlagern sich südostwärts
01April_2010_Thursday_heute-6696|01April_2010_Thursday_heute-6696/1/*.png|-1|-1|Signer04|UEBERSCHWEMMUNG AMERIKA IX|schwere überschwemmungen in den usa
01June_2011_Wednesday_heute-945|01June_2011_Wednesday_heute-945/1/*.png|-1|-1|Signer01|HEUTE GERADE ERSTE SOMMER TAG FUER WIRKLICH WETTER FACH LEUTE GESTERN FRUEHLING ZU-ENDE VORBEI ENORM neg-ZU-WARM|heute der erste sommertag für die meteorologen aber das frühjahr das gestern zu ende ging war ja auch zu warm
01December_2011_Thursday_tagesschau-3477|01December_2011_Thursday_tagesschau-3477/1/*.png|-1|-1|Signer05|SONNTAG WECHSELHAFT AUCH TEIL STURM|am sonntag unbeständiges wetter dazu ist es teilweise stürmisch
01June_2010_Tuesday_heute-6618|01June_2010_Tuesday_heute-6618/1/*.png|-1|-1|Signer01|SCHOEN ABEND TSCHUESS|ich wünsche ihnen noch einen schönen abend
01June_2010_Tuesday_heute-6611|01June_2010_Tuesday_heute-6611/1/*.png|-1|-1|Signer01|NORD OST SEE MEHR TROCKEN|die nordsee dürfte die ostsee dürfte weitgehend trocken bleiben
01April_2010_Thursday_tagesschau-4325|01April_2010_Thursday_tagesschau-4325/1/*.png|-1|-1|Signer04|HIER WIND SCHWACH MAESSIG WEST NORD WIND|der wind weht schwach bis mäßig im westen und nordwesten teilweise auch frisch
01May_2010_Saturday_tagesschau-7190|01May_2010_Saturday_tagesschau-7190/1/*.png|-1|-1|Signer05|NORDOST FREUNDLICH SO|im nordosten ist es teilweise freundlich
01June_2010_Tuesday_heute-6616|01June_2010_Tuesday_heute-6616/1/*.png|-1|-1|Signer01|AB FREITAG REGION BESSER SONNE WARM|aber ab freitag sieht es deutlich besser aus und zwar für alle viel sonne und auch viel wärme
01December_2011_Thursday_tagesschau-3479|01December_2011_Thursday_tagesschau-3479/1/*.png|-1|-1|Signer05|WIND BLEIBEN|der wind hält an
01April_2010_Thursday_tagesschau-4322|01April_2010_Thursday_tagesschau-4322/1/*.png|-1|-1|Signer04|NORD REGEN|richtung nordsee fallen regenschauer
01February_2011_Tuesday_tagesschau-4967|01February_2011_Tuesday_tagesschau-4967/1/*.png|-1|-1|Signer08|SUED IX FREUNDLICH|im süden wird es unter leichtem hochdruckeinfluss dann auch wieder freundlicher
01December_2011_Thursday_heute-3055|01December_2011_Thursday_heute-3055/1/*.png|-1|-1|Signer05|DEZEMBER ANFANG REGEN HEUTE LEUTE NACH-HAUSE NACH-HAUSE NACH-HAUSE NACH-HAUSE DAS-IST-ES HEUTE VOR MITTAG W IX|kaum beginnt der dezember mit regen schon ist kaum jemand mehr auf den straßen wie zum beispiel in waren heute vormittag an der müritz
01June_2011_Wednesday_tagesschau-6948|01June_2011_Wednesday_tagesschau-6948/1/*.png|-1|-1|Signer01|WOLKE MORGEN WOLKE HIMMEL FREITAG GEWITTER|feuchte luft sorgt dort morgen wir wolken am freitag für gewitter
01November_2010_Monday_heute-1709|01November_2010_Monday_heute-1709/1/*.png|-1|-1|Signer05|VON KOMMEN REGEN NORD KOMMEN|auf jeden fall die nächste regenfront kommt aus westen wird morgen bereits über der nordsee und dann die nordseeküste erreichen
01December_2011_Thursday_heute-3064|01December_2011_Thursday_heute-3064/1/*.png|-1|-1|Signer05|REGION STURM NORDWEST WEHEN IX|insgesamt haben wir einen stürmischen südwest bis westwind dazu
01June_2011_Wednesday_tagesschau-6946|01June_2011_Wednesday_tagesschau-6946/1/*.png|-1|-1|Signer01|EUROPA MITTE LUFT DRUCK HOCH KOMMEN DEUTSCH LAND MEISTENS VIEL SONNE|hoher luftdruck über der mitte europas beschert weiten teilen deutschlands viel sonne
01July_2010_Thursday_tagesschau-8794|01July_2010_Thursday_tagesschau-8794/1/*.png|-1|-1|Signer08|NORD WIND SCHWACH SUEDOST SCHWACH|an der see weht der wind schwach bis mäßig sonst meist nur schwach
01February_2011_Tuesday_tagesschau-4969|01February_2011_Tuesday_tagesschau-4969/1/*.png|-1|-1|Signer08|AUCH MORGEN VIEL WOLKE SPEZIELL OST SUED SCHNEE UND REGEN GLATT|auch morgen viele wolken im osten und südosten noch leichter schneefall oder gefrierender regen
01December_2011_Thursday_heute-3063|01December_2011_Thursday_heute-3063/1/*.png|-1|-1|Signer05|OST BISSCHEN MEHR TROCKEN BIS WALD P+O+P PFALZ IX DANN REGION MILD IX SONNE|nach osten ist ein bisschen trockener und so vom bodensee bis zum oberpfälzer wald bleibt es wahrscheinlich auch trocken es gibt sonnige abschnitte
01November_2010_Monday_heute-1707|01November_2010_Monday_heute-1707/1/*.png|-1|-1|Signer05|FLUSS IX FREUNDLICH|heut war es im rhein main gebiet noch mal freundlich
01July_2010_Thursday_tagesschau-8793|01July_2010_Thursday_tagesschau-8793/1/*.png|-1|-1|Signer08|SCHWARZ WALD ALPEN KOENNEN GEWITTER GRUND HEISS|über dem schwarzwald an den alpen und ganz im westen einzelne kräftige hitzegewitter
01April_2011_Friday_tagesschau-3384|01April_2011_Friday_tagesschau-3384/1/*.png|-1|-1|Signer08|RUEGEN MORGEN VIERZEHN GRAD FLUSS SOMMER FUENF ZWANZIG BIS SECHS ZWANZIG GRAD|auf rügen morgen vierzehn entlang des rheins sommerliche fünfundzwanzig bis sechsundzwanzig grad
01June_2010_Tuesday_tagesschau-5005|01June_2010_Tuesday_tagesschau-5005/1/*.png|-1|-1|Signer01|GLEICH ZEIT WEST KOMMEN HOCH KOMMEN|gleichzeitig setzt sich von westen allmählich hoher luftdruck durch
01April_2011_Friday_tagesschau-3383|01April_2011_Friday_tagesschau-3383/1/*.png|-1|-1|Signer08|BERG ALLGAEU HEUTE ABEND VIER GRAD FLUSS ELF GRAD|im allgäu heute nacht kühle vier an der spree bis elf grad
01February_2011_Tuesday_heute-4630|01February_2011_Tuesday_heute-4630/1/*.png|-1|-1|Signer08|HEUTE NEBEL HOCH NEBEL ZWISCHEN RUHIG WETTER ZEIT VORBEI|heute noch zwischen nebel und hochnebel aber diese ruhige wetterzeit geht zu ende
01April_2010_Thursday_heute-6710|01April_2010_Thursday_heute-6710/1/*.png|-1|-1|Signer04|SCHNEE DABEI|da auch wieder mit schnee vermischt
01February_2011_Tuesday_heute-4639|01February_2011_Tuesday_heute-4639/1/*.png|-1|-1|Signer08|NORDWEST TROCKEN TRUEB NORDWEST DANN WIEDER REGEN KOMMEN|sonst eher trocken trübe und im nordwesten kommt dann der nächste regen an
01April_2011_Friday_tagesschau-3379|01April_2011_Friday_tagesschau-3379/1/*.png|-1|-1|Signer08|REGION KOENNEN NEBEL|in den niederungen bildet sich hier und da nebel
01December_2011_Thursday_heute-3062|01December_2011_Thursday_heute-3062/1/*.png|-1|-1|Signer05|TAG AUCH REGEN NORDWEST REGION SPAETER SUEDWEST AUCH|und wir haben auch tagsüber regen den vor allem die erstmal im nordwesten und an den küsten später auch im südwesten
01July_2010_Thursday_tagesschau-8792|01July_2010_Thursday_tagesschau-8792/1/*.png|-1|-1|Signer08|TAG VIEL SONNE IX WOLKE|am tag überall viel sonne ab und an ein paar wolken
01November_2010_Monday_heute-1706|01November_2010_Monday_heute-1706/1/*.png|-1|-1|Signer05|GOLD OKTOBER JETZT UMWANDELN GRAU NOVEMBER|aus einem goldenen oktober wird jetzt doch eher ein grauer november
01June_2011_Wednesday_tagesschau-6947|01June_2011_Wednesday_tagesschau-6947/1/*.png|-1|-1|Signer01|NUR SUED|ausnahme ist süddeutschland
01December_2011_Thursday_heute-3065|01December_2011_Thursday_heute-3065/1/*.png|-1|-1|Signer05|IN-KOMMEND IN-KOMMEND|und in den nächsten tagen naja
01February_2011_Tuesday_tagesschau-4968|01February_2011_Tuesday_tagesschau-4968/1/*.png|-1|-1|Signer08|KOMMEN HEUTE NACHT KOMMEN SCHNEE REGEN GLATT KOENNEN GLATT GEFAHR KOENNEN UNWETTER WARNUNG|von nordwesten breiten sich heute nacht schnee und gefrierender regen aus dabei wird es gefährlich glatt es bestehende entsprechende unwetterwarnungen des deutschen wetterdienstes
01November_2010_Monday_heute-1708|01November_2010_Monday_heute-1708/1/*.png|-1|-1|Signer05|DAS-IST-ES ZEIGEN-BILDSCHIRM ICH UNTEN ICH STEHEN|das ist unser studio überigens da unten stehe ich jetzt zur zeit drin
01December_2011_Thursday_heute-3054|01December_2011_Thursday_heute-3054/1/*.png|-1|-1|Signer05|ABEND LIEB ZUSCHAUER poss-EUCH|guten abend liebe zuschauer
01February_2011_Tuesday_tagesschau-4966|01February_2011_Tuesday_tagesschau-4966/1/*.png|-1|-1|Signer08|DAZU KOMMEN MILD DARUM AB FREITAG SCHNEE NICHT-MEHR|da auch mildere luft heranfließt ist schnee ab freitag kein thema mehr
01August_2011_Monday_heute-4872|01August_2011_Monday_heute-4872/1/*.png|-1|-1|Signer07|IHR SCHOEN ABEND MACHEN GUT|ihnen einen schönen abend und machen sie es gut
01June_2011_Wednesday_tagesschau-6949|01June_2011_Wednesday_tagesschau-6949/1/*.png|-1|-1|Signer01|WOCHENENDE IX KOMMEN RISIKO MEHR GEWITTER|am wochenende breitet sie sich weiter nach norden aus und das gewitterrisiko steigt verbreitet an
01April_2011_Friday_tagesschau-3378|01April_2011_Friday_tagesschau-3378/1/*.png|-1|-1|Signer08|KLAR IX|sonst klart es immer mehr auf
01February_2011_Tuesday_heute-4638|01February_2011_Tuesday_heute-4638/1/*.png|-1|-1|Signer08|OST KOENNEN SCHNEE IX ANFANG REGEN KOENNEN GLATT|richtung osten immer noch etwas schnee anfangs dann aber auch regen anfangs auch noch glättegefahr
01April_2010_Thursday_heute-6711|01April_2010_Thursday_heute-6711/1/*.png|-1|-1|Signer04|MONTAG SCHAUER KOMMEN|und am montag da ziehen sich die schauer richtung südosten zurück
01April_2011_Friday_tagesschau-3376|01April_2011_Friday_tagesschau-3376/1/*.png|-1|-1|Signer08|REGION TIEF SONNTAG KOMMEN REGEN UND GEWITTER|ein atlantischer tiefausläufer lenkt dann am sonntag von nordwesten schauer und gewitterwolken heran
01February_2011_Tuesday_heute-4631|01February_2011_Tuesday_heute-4631/1/*.png|-1|-1|Signer08|MITTE STURM TIEF KOMMEN LUFT MILD ABER REGEN|ein sturmtief bei island bringt uns mit einer milden südwestströmung eben sehr milde luft aber auch mal wieder regen
01June_2010_Tuesday_tagesschau-5004|01June_2010_Tuesday_tagesschau-5004/1/*.png|-1|-1|Signer01|BESONDERS DEUTSCH LAND SUED OST BIS-JETZT DONNERSTAG KOENNEN REGEN ENORM|davon betroffen ist auch der südosten deutschlands wo bis donnerstag unwetterartige regenmengen zusammenkommen können
01April_2011_Friday_tagesschau-3382|01April_2011_Friday_tagesschau-3382/1/*.png|-1|-1|Signer08|WIND SCHWACH MAESSIG NORD SEE IX KOENNEN FRISCH WEHEN|es weht ein schwacher bis mäßiger an der nordsee zeitweise frischer wind aus südlichen richtungen
01April_2011_Friday_tagesschau-3385|01April_2011_Friday_tagesschau-3385/1/*.png|-1|-1|Signer08|SONNTAG WEST NORDWEST WOLKE KOENNEN REGEN ODER GEWITTER KOENNEN|am sonntag im westen und nordwesten dichte wolken und mitunter kräftige schauer oder gewitter
01June_2010_Tuesday_tagesschau-5003|01June_2010_Tuesday_tagesschau-5003/1/*.png|-1|-1|Signer01|MITTE EUROPA TIEF KOMMEN REGEN|das tief über dem östlichen mitteleuropa sorgt dafür dass es ergiebig regnet
01April_2010_Thursday_heute-6702|01April_2010_Thursday_heute-6702/1/*.png|-1|-1|Signer04|MINUS TEIL MINUS FUENF ALPEN KUESTE NULL|verbreitet minusgrade zum teil bis minus fünf am alpenrand und selbst an der küste nahe null grad
01July_2009_Wednesday_tagesschau-4558|01July_2009_Wednesday_tagesschau-4558/1/*.png|-1|-1|Signer09|SCHWACH WEHEN|sonst meist schwacher wind aus nord bis nordost
01July_2009_Wednesday_tagesschau-4560|01July_2009_Wednesday_tagesschau-4560/1/*.png|-1|-1|Signer09|WENN IX WEHEN ANGENEHM DREI ZWANZIG GRAD SUEDOST MAXIMAL ZWEI DREISSIG|bei auflandigem wind an der ostsee morgen angenehme dreiundzwanzig grad im südwesten bis zweiunddreißig grad
01August_2011_Monday_heute-4850|01August_2011_Monday_heute-4850/1/*.png|-1|-1|Signer07|WEST SUEDWEST SCHON WETTER|im westen und süden konnte man das heute schon genießen
01June_2011_Wednesday_tagesschau-6954|01June_2011_Wednesday_tagesschau-6954/1/*.png|-1|-1|Signer01|HEUTE NACHT REGION DREIZEHN GRAD REGION DREI GRAD|heute nacht dreizehn grad in niederbayern und drei grad im emsland
01November_2010_Monday_heute-1715|01November_2010_Monday_heute-1715/1/*.png|-1|-1|Signer05|NEUN MAXIMAL MORGEN OST IX WEST NOCHEINMAL VIERZEHN GRAD MAXIMAL SCHLUSS|ja neun grad sind die höchsttemperaturen morgen im osten im westen geht es nochmal rauf auf vierzehn grad aber das war es
01August_2011_Monday_heute-4868|01August_2011_Monday_heute-4868/1/*.png|-1|-1|Signer07|BISSCHEN KUEHL MEISTENS NORD KUESTE BISSCHEN KUEHL IX|ein bisschen kühler bleibt es noch direkt an den küsten
01June_2011_Wednesday_tagesschau-6953|01June_2011_Wednesday_tagesschau-6953/1/*.png|-1|-1|Signer01|WIND WEHEN SCHWACH MAESSIG TEILWEISE REGION WEHEN|der wind weht schwach bis mäßig im südwesten frisch teilweise auch stark böig
01August_2011_Monday_heute-4857|01August_2011_Monday_heute-4857/1/*.png|-1|-1|Signer07|BISSCHEN NEBEL|wir haben ein paar nebelfelder
01July_2010_Thursday_tagesschau-8788|01July_2010_Thursday_tagesschau-8788/1/*.png|-1|-1|Signer08|WEST HOCH KOMMEN HEISS LUFT KOMMEN|an der westlichen seite des hochs über mitteleuropa strömt heiße luft zu uns
01August_2011_Monday_heute-4861|01August_2011_Monday_heute-4861/1/*.png|-1|-1|Signer07|SONNE MACHEN NEBEL VERSCHWINDEN|die sonne kommt bruzzelt diese nebelfelder weg
01August_2011_Monday_heute-4859|01August_2011_Monday_heute-4859/1/*.png|-1|-1|Signer07|AUCH VIELLEICHT BISSCHEN ABER NACHT ENORM MILD IX|dazu bleibt die nacht auch ziemlich mild
01February_2011_Tuesday_tagesschau-4972|01February_2011_Tuesday_tagesschau-4972/1/*.png|-1|-1|Signer08|OST SUED HEUTE NACHT FROST NORD EINS GRAD MINUS PLUS|im osten und süden heute nacht teilweise strenger frost in nordfriesland ein grad über null
01August_2011_Monday_heute-4866|01August_2011_Monday_heute-4866/1/*.png|-1|-1|Signer07|WARM SUEDWEST SCHON DREISSIG GRAD SCHON MEISTENS|im südwesten geht es ja schon mal rauf bis dreißig grad
01February_2011_Tuesday_heute-4640|01February_2011_Tuesday_heute-4640/1/*.png|-1|-1|Signer08|DONNERSTAG KOMMEN KOENNEN DAZU BERG KOENNEN SCHNEE GLATT|und der zieht richtung südosten am donnerstag anfangs auch noch mit schnee im bergland und glättegefahr
01July_2009_Wednesday_tagesschau-4561|01July_2009_Wednesday_tagesschau-4561/1/*.png|-1|-1|Signer09|FREITAG DASSELBE|am freitag wenig änderungen
01June_2010_Tuesday_tagesschau-5011|01June_2010_Tuesday_tagesschau-5011/1/*.png|-1|-1|Signer01|TAG ZWEI ZWANZIG REGION ZEHN ACHT REGEN|am tag zehn grad bei dauerregen und zweiundzwanzig grad am niederrhein
01July_2009_Wednesday_tagesschau-4559|01July_2009_Wednesday_tagesschau-4559/1/*.png|-1|-1|Signer09|HEUTE NACHT WARM VIERZEHN MAXIMAL NEUNZEHN ALPEN ZWOELF|heute nacht wieder laue vierzehn bis neunzehn grad am alpenrand zwölf grad
01July_2009_Wednesday_tagesschau-4557|01July_2009_Wednesday_tagesschau-4557/1/*.png|-1|-1|Signer09|DANN MOEGLICH WEHEN|dann sind auch sturmböen möglich
01April_2010_Thursday_heute-6703|01April_2010_Thursday_heute-6703/1/*.png|-1|-1|Signer04|MORGEN TEMPERATUR ACHT BIS DREIZEHN MAXIMAL DREIZEHN|morgen die temperaturspanne auch nur acht bis dreizehn grad höchsttemperatur
01August_2011_Monday_heute-4858|01August_2011_Monday_heute-4858/1/*.png|-1|-1|Signer07|MORGEN FRUEH BAYERN NIEDERSACHSEN REGION S REGION NORD KUESTE|morgen früh in bayern und in sachsen vielleicht auch an der nordseeküste
01February_2011_Tuesday_heute-4641|01February_2011_Tuesday_heute-4641/1/*.png|-1|-1|Signer08|DANACH MILD STURM IN-KOMMEND IN-KOMMEND|dann wird es aber mild und stürmisch in den nächsten tagen
01February_2011_Tuesday_tagesschau-4973|01February_2011_Tuesday_tagesschau-4973/1/*.png|-1|-1|Signer08|MORGEN FLUSS MINUS FUENF GRAD FLUSS PLUS FUENF GRAD|morgen an der donau minus fünf im emsland bis plus fünf grad
01August_2011_Monday_heute-4867|01August_2011_Monday_heute-4867/1/*.png|-1|-1|Signer07|REST VIER ZWANZIG GRAD BIS DREI ZWANZIG GRAD|sonst ist es meist vierundzwanzig bis achtundzwanzig
01November_2010_Monday_heute-1722|01November_2010_Monday_heute-1722/1/*.png|-1|-1|Signer05|DONNERSTAG DANN IM-VERLAUF BISSCHEN MILD|und am donnerstag ist es vorübergehend mal ein bisschen milder
01August_2011_Monday_heute-4860|01August_2011_Monday_heute-4860/1/*.png|-1|-1|Signer07|MORGEN NEBEL ACH neg-HABEN|und morgen ja der nebel spielt keine rolle
01July_2010_Thursday_tagesschau-8789|01July_2010_Thursday_tagesschau-8789/1/*.png|-1|-1|Signer08|SAMSTAG UNGEFAEHR SECHS DREISSIG GRAD HOCH KOMMEN|am samstag erreicht die hitze mit werten um sechsunddreißig grad ihren höhepunkt
01November_2010_Monday_heute-1714|01November_2010_Monday_heute-1714/1/*.png|-1|-1|Signer05|MORGEN IM-VERLAUF VIER ZWISCHEN NEUN GRAD|die temperaturen morgen früh meist zwischen vier und neun grad
01August_2011_Monday_heute-4856|01August_2011_Monday_heute-4856/1/*.png|-1|-1|Signer07|ABER HEUTE ABEND RUHIG|aber heute nacht ist ja alles ruhig
01July_2010_Thursday_tagesschau-8787|01July_2010_Thursday_tagesschau-8787/1/*.png|-1|-1|Signer08|JETZT WETTER MORGEN FREITAG ZWEITE JULI WIE-AUSSEHEN ZEIGEN-BILDSCHIRM|und nun die wettervorhersage für morgen freitag den zweiten juli
01August_2011_Monday_heute-4851|01August_2011_Monday_heute-4851/1/*.png|-1|-1|Signer07|BESONDERS BLAU HIMMEL WIE MAINZ ZEIGEN-BILDSCHIRM|diesen herrlich blauen himmel wie hier bei mainz
01June_2011_Wednesday_tagesschau-6955|01June_2011_Wednesday_tagesschau-6955/1/*.png|-1|-1|Signer01|NACHMITTAG ACHTZEHN NORD FUENF ZWANZIG REGION|am tag achtzehn grad an der see und fünfundzwanzig grad am main
01July_2011_Friday_tagesschau-2768|01July_2011_Friday_tagesschau-2768/1/*.png|-1|-1|Signer04|MEISTENS FREUNDLICH SUEDWEST|am freundlichsten ist es im südwesten
01July_2011_Friday_tagesschau-2757|01July_2011_Friday_tagesschau-2757/1/*.png|-1|-1|Signer04|JETZT WETTER WIE-AUSSEHEN MORGEN SAMSTAG ZWEITE JULI|und nun die wettervorhersage für morgen samstag den zweiten juli
01May_2010_Saturday_tagesschau-7184|01May_2010_Saturday_tagesschau-7184/1/*.png|-1|-1|Signer05|JETZT WETTER WIE-AUSSEHEN MORGEN SONNTAG ZWEITE MAI|und nun die wettervorhersage für morgen sonntag den zweiten mai
01July_2011_Friday_tagesschau-2761|01July_2011_Friday_tagesschau-2761/1/*.png|-1|-1|Signer04|NACHT BISSCHEN SCHAUER GEWITTER ABER SPAETER AUFLOESEN|in der nacht noch einzelne schauer oder gewitter die meist abklingen
01July_2011_Friday_tagesschau-2759|01July_2011_Friday_tagesschau-2759/1/*.png|-1|-1|Signer04|NORD WEHEN KUEHL|von der nordsee strömt kühle luft ein
01June_2011_Wednesday_heute-951|01June_2011_Wednesday_heute-951/1/*.png|-1|-1|Signer01|REGEN neg-VIEL WARUM IX BERG REGEN|und es kommt im moment auch nicht viel regen nach denn der regen zieht sich immer mehr richtung alpenrand zurück
01July_2011_Friday_tagesschau-2758|01July_2011_Friday_tagesschau-2758/1/*.png|-1|-1|Signer04|TIEF KOMMEN BEDEUTEN MITTE EUROPA poss-BEI-UNS EINFLUSS|tiefer luftdruck beeinflusst die mitte europas und damit auch unser wetter
01July_2011_Friday_tagesschau-2767|01July_2011_Friday_tagesschau-2767/1/*.png|-1|-1|Signer04|SONNTAG VIEL WOLKE REGEN NORD BISSCHEN GEWITTER|am sonntag viele wolken hier und da regen im nordosten einzelne gewitter
01May_2010_Saturday_tagesschau-7185|01May_2010_Saturday_tagesschau-7185/1/*.png|-1|-1|Signer05|NORD MITTE EUROPA ENORM TIEF KOMMEN DEUTSCH LAND|tiefer luftdruck über nord und mitteleuropa bestimmt auch das wetter bei uns in deutschland
01July_2011_Friday_tagesschau-2760|01July_2011_Friday_tagesschau-2760/1/*.png|-1|-1|Signer04|TIEF VORBEI REGEN KOMMEN IX SONNTAG MEHR WARM|das tief lenkt regenwolken in den nordosten wo sich dann am sonntag wärmere luft durchsetzt
01July_2011_Friday_tagesschau-2769|01July_2011_Friday_tagesschau-2769/1/*.png|-1|-1|Signer04|MONTAG NORDOST VIEL WOLKE REGEN GEWITTER SUEDWEST MEHR FREUNDLICH|am montag in der nordosthälfte viele wolken regen und gewitter in der südwesthälfte ist es meist freundlich
01June_2011_Wednesday_heute-950|01June_2011_Wednesday_heute-950/1/*.png|-1|-1|Signer01|SCHAUEN HELL GELB IX TROCKEN NUR VIER PROZENT HAELFTE NORMAL REGEN WIEVIEL NUR VIER PROZENT VON NORMAL|und wir sehen hier dass diese ganzen hellgelben regionen dort war es viel zu trocken teilweise sind nur vier prozent des normalen wertes an regen gefallen überhaupt
01June_2010_Tuesday_heute-6613|01June_2010_Tuesday_heute-6613/1/*.png|-1|-1|Signer01|SUEDWEST BISSCHEN SCHAUER NORDWEST FREUNDLICH SONNE|im südwesten einige schauer und im gesamten nordwesten ganz freundlich
01May_2010_Saturday_tagesschau-7192|01May_2010_Saturday_tagesschau-7192/1/*.png|-1|-1|Signer05|WENN SCHAUER GEWITTER STARK WEHEN|bei schauern und gewittern starke böen
01March_2011_Tuesday_tagesschau-2213|01March_2011_Tuesday_tagesschau-2213/1/*.png|-1|-1|Signer01|MORGEN NORD ZWEI BIS DREI REGION KOELN REGION BIS ZEHN GRAD|morgen an der küste zwei bis drei in der kölner bucht bis zehn grad
01April_2010_Thursday_tagesschau-4327|01April_2010_Thursday_tagesschau-4327/1/*.png|-1|-1|Signer04|VORSICHT GLATT|vorsicht wegen glätte
01July_2011_Friday_tagesschau-2770|01July_2011_Friday_tagesschau-2770/1/*.png|-1|-1|Signer04|DIENSTAG SONNE WOLKE SCHAUER GEWITTER GEMISCHT|am dienstag sonne wolken schauer und gewitter
01December_2011_Thursday_tagesschau-3472|01December_2011_Thursday_tagesschau-3472/1/*.png|-1|-1|Signer05|KLAR REGION WAHRSCHEINLICH SCHAUER|richtung nordwesten lockert es auf an den küsten einige schauer
01December_2011_Thursday_tagesschau-3475|01December_2011_Thursday_tagesschau-3475/1/*.png|-1|-1|Signer05|TAG NORD NUR FUENF ALLGAEU BERG VOR LAND VIERZEHN|am tag fünf grad im äußersten norden vierzehn grad im alpenvorland
01June_2011_Wednesday_heute-949|01June_2011_Wednesday_heute-949/1/*.png|-1|-1|Signer01|AUCH BESONDERS TROCKEN|das trockenste frühjahr seit beginn der wetteraufzeichnungen allerdings auch
01April_2010_Thursday_heute-6694|01April_2010_Thursday_heute-6694/1/*.png|-1|-1|Signer04|LIEB ZUSCHAUER ABEND|liebe zuschauer guten abend
01June_2011_Wednesday_heute-947|01June_2011_Wednesday_heute-947/1/*.png|-1|-1|Signer01|BEISPIEL STUTTGART REGION HOCH WERT MITTE WERT STEIGEN-RUNTER UNTER NULL KAUM|beispiel dafür hier diese kurve von stuttgart echterdingen hier das rote der mittelwert die abweichungen weitgehend nach oben
01December_2011_Thursday_tagesschau-3474|01December_2011_Thursday_tagesschau-3474/1/*.png|-1|-1|Signer05|NACHT ZEHN BAYERN IX MINUS ZWEI|in der nacht zehn grad am niederrhein und minus zwei grad in bayern
01April_2010_Thursday_tagesschau-4328|01April_2010_Thursday_tagesschau-4328/1/*.png|-1|-1|Signer04|MORGEN SIEBEN LAND VIERZEHN FLUSS|am tag sieben grad im bayerischen wald und vierzehn grad am rhein
01June_2010_Tuesday_heute-6615|01June_2010_Tuesday_heute-6615/1/*.png|-1|-1|Signer01|DONNERSTAG SUED DANN WECHSELHAFT|und auch der donnerstag im südosten noch wechselhaft
01April_2010_Thursday_tagesschau-4321|01April_2010_Thursday_tagesschau-4321/1/*.png|-1|-1|Signer04|HEUTE NACHT OST REGEN|heute nacht regnet oder schneit es noch im äußersten osten und südosten
01June_2010_Tuesday_heute-6612|01June_2010_Tuesday_heute-6612/1/*.png|-1|-1|Signer01|REGION REGEN ALPEN AUCH STURM GEFAHR|aber dann im laufe des tages vom erzgebirge bis zum alpenrand wieder ergiebiger regen durchaus auch wieder unwettergefahr
01April_2010_Thursday_tagesschau-4326|01April_2010_Thursday_tagesschau-4326/1/*.png|-1|-1|Signer04|HEUTE NACHT FLUSS DREI MINUS SECHS ALPEN|heute nacht drei grad an der oder minus sechs grad an den alpen
01May_2010_Saturday_tagesschau-7193|01May_2010_Saturday_tagesschau-7193/1/*.png|-1|-1|Signer05|HEUTE NACHT ZEHN ZWISCHEN EINS LAND BODEN FROST|heute nacht zehn bis ein grad in der nordhälfte stellenweise bodenfrost
01March_2011_Tuesday_tagesschau-2212|01March_2011_Tuesday_tagesschau-2212/1/*.png|-1|-1|Signer01|REGION EINS GRAD REGION MINUS SIEBEN|am oberrhein heute nacht ein grad plus an der oder minus sieben grad
01April_2010_Thursday_heute-6695|01April_2010_Thursday_heute-6695/1/*.png|-1|-1|Signer04|WINTER GESTERN NORD SCHOTTLAND REGION|heftiger wintereinbruch gestern in nordirland schottland
01June_2011_Wednesday_heute-946|01June_2011_Wednesday_heute-946/1/*.png|-1|-1|Signer01|WER VERWOEHNT ENORM ABER REGION GROB KOENNEN SAGEN UEBER MITTE WERT|wir sind auch sehr verwöhnt worden aber flächendeckend lagen die temperaturen weitgehend über dem mittelwert
01April_2011_Friday_tagesschau-3380|01April_2011_Friday_tagesschau-3380/1/*.png|-1|-1|Signer08|NORDOST TAG ANFANG WOLKE|im nordosten beginnt der tag zum teil noch wolkig
01February_2011_Tuesday_heute-4634|01February_2011_Tuesday_heute-4634/1/*.png|-1|-1|Signer08|REGION MITTE KOENNEN SCHNEE|und im landesinnern kann zum teil auch noch schnee dabei sein
01April_2010_Thursday_heute-6714|01April_2010_Thursday_heute-6714/1/*.png|-1|-1|Signer04|JETZT WUENSCHEN SCHOEN ABEND|und jetzt wünsche ich ihnen noch einen schönen abend
01August_2011_Monday_heute-4848|01August_2011_Monday_heute-4848/1/*.png|-1|-1|Signer07|GUT ABEND LIEB ZUSCHAUER|guten abend liebe zuschauer
01December_2011_Thursday_heute-3056|01December_2011_Thursday_heute-3056/1/*.png|-1|-1|Signer05|WEITER REGEN VIER ZWANZIG STUNDE REGEN KOMMEN DANN DEUTSCH LAND NORD KUEHL|und es geht auch mit regen weiter in den nächsten vierundzwanzig stunden wird uns dieses regengebiet überqueren dahinter wird es dann von norden für norddeutschland ein bisschen kühler
01February_2011_Tuesday_tagesschau-4964|01February_2011_Tuesday_tagesschau-4964/1/*.png|-1|-1|Signer08|JETZT WETTER WIE-AUSSEHEN MORGEN MITTWOCH ZWEITE FEBRUAR ZEIGEN-BILDSCHIRM|und nun die wettervorhersage für morgen mittwoch den zweiten februar
01November_2010_Monday_heute-1704|01November_2010_Monday_heute-1704/1/*.png|-1|-1|Signer05|GUT ABEND LIEB DU ZUSCHAUER|guten abend liebe zuschauer
01July_2010_Thursday_tagesschau-8790|01July_2010_Thursday_tagesschau-8790/1/*.png|-1|-1|Signer08|DANN KOENNEN GEWITTER STURM REGEN KOENNEN|dann muss zum teil mit unwetterartigen gewittern gerechnet werden
01June_2011_Wednesday_tagesschau-6945|01June_2011_Wednesday_tagesschau-6945/1/*.png|-1|-1|Signer01|JETZT MORGEN WETTER WIE-AUSSEHEN DONNERSTAG ZWEITE JUNI|und nun die wettervorhersage für morgen donnerstag den zweiten juni
01December_2011_Thursday_heute-3067|01December_2011_Thursday_heute-3067/1/*.png|-1|-1|Signer05|SCHOEN ABEND poss-EUCH MACHEN GUT poss-EUCH|ihnen einen schönen abend und machen sie es gut
01April_2010_Thursday_heute-6712|01April_2010_Thursday_heute-6712/1/*.png|-1|-1|Signer04|DANN FREUNDLICH KLAR MONTAG|und dann wird es doch insgesamt ein recht freundlicher tag
01April_2011_Friday_tagesschau-3386|01April_2011_Friday_tagesschau-3386/1/*.png|-1|-1|Signer08|SUEDOST DURCHGEHEND SONNE TROCKEN WARM|in der südosthälfte weiterhin viel sonne trocken und sehr warm
01February_2011_Tuesday_heute-4635|01February_2011_Tuesday_heute-4635/1/*.png|-1|-1|Signer08|KOMMEN KALT LUFT HEUTE NACHT SUED FROST SUEDOST MINUS UEBER MINUS ZEHN DREIZEHN GRAD|das ganze läuft ja in diese kaltluft rein denn wir haben heute nacht noch verbreitet frost im süden und südosten sogar noch zweistellige minusgrade
01April_2011_Friday_tagesschau-3375|01April_2011_Friday_tagesschau-3375/1/*.png|-1|-1|Signer08|ZEIGEN-BILDSCHIRM WOCHENENDE IX HOCH DRUCK DAZU WARM KOMMEN VIEL SONNE UND AEHNLICH SOMMER TEMPERATUR|am wochenende beschert uns hoher luftdruck zusammen mit sehr warmer luft viel sonnenschein und teilweise sommerliche temperaturen
01June_2010_Tuesday_tagesschau-5007|01June_2010_Tuesday_tagesschau-5007/1/*.png|-1|-1|Signer01|TAG SUEDOST REGEN KLAR REGEN DANN HERZ MEHR KOMMEN KOENNEN|am tag in der südosthälfte weitere regenfälle die im laufe des tages stärker werden und dann vom erzgebirge bis zu den alpen zum teil ergiebig ausfallen
01April_2011_Friday_tagesschau-3381|01April_2011_Friday_tagesschau-3381/1/*.png|-1|-1|Signer08|WEST IX EINFACH VERSCHWINDEN MEHR SONNE|im übrigen land scheint neben ein paar harmlosen wolken meist die sonne
01December_2011_Thursday_heute-3066|01December_2011_Thursday_heute-3066/1/*.png|-1|-1|Signer05|NUR REGEN BIS MONTAG VIEL STURM|nur regen bis zum montag und auch ziemlich viel sturm
01July_2010_Thursday_tagesschau-8796|01July_2010_Thursday_tagesschau-8796/1/*.png|-1|-1|Signer08|SAMSTAG SONNE AB NACH MITTAG WEST KOENNEN REGEN GEWITTER WIE IX REGEN KOENNEN|auch am samstag ist es meist sonnig ab dem nachmittag bilden sich in der westhälfte einige schauer und gewitter die unwetterartig ausfallen können
01December_2011_Thursday_heute-3059|01December_2011_Thursday_heute-3059/1/*.png|-1|-1|Signer05|SUED BLEIBEN TROCKEN BESONDERS BAYERN OST HIMMEL KLAR BISSCHEN NEBEL AUCH FROST|im süden bleibt es dagegen trocken und vor allem im östlichen bayern bei klarem himmel und einigen nebelfeldern wird es auch wieder frostig werden
01July_2010_Thursday_tagesschau-8791|01July_2010_Thursday_tagesschau-8791/1/*.png|-1|-1|Signer08|REGEN SCHON VORBEI DANN TROCKEN KLAR STERN KOENNEN SEHEN ODER LOCKER WOLKE|nachdem letzte schauer in der nacht abgeklungen sind bleibt es trocken dabei ist es klar oder nur locker bewölkt
01November_2010_Monday_heute-1705|01November_2010_Monday_heute-1705/1/*.png|-1|-1|Signer05|WETTER JETZT UMWANDELN|die wetterlage stellt sich jetzt um
01February_2011_Tuesday_tagesschau-4965|01February_2011_Tuesday_tagesschau-4965/1/*.png|-1|-1|Signer08|TIEF KOMMEN SCHNEE KALT REGEN GLATT|tiefdruckgebiete lenken von nordwesten schnee und gefrierenden regen nach deutschland
01December_2011_Thursday_heute-3057|01December_2011_Thursday_heute-3057/1/*.png|-1|-1|Signer05|UND REGION REGEN SAMSTAG DOCH MORGEN ABEND IX IRLAND SONNTAG REGEN DOCH VERBREITEN|und das nächste regengebiet folgt auf dem fuße für den samstag liegt es morgen abend in irland und für den sonntag muss das regengebiet sich noch kräftig entwickeln
01July_2010_Thursday_tagesschau-8798|01July_2010_Thursday_tagesschau-8798/1/*.png|-1|-1|Signer08|MONTAG SONNE WOLKE WECHSELHAFT KOENNEN GEWITTER|am montag teils sonne teils wolken und einzelne gewitterschauer
01August_2011_Monday_heute-4871|01August_2011_Monday_heute-4871/1/*.png|-1|-1|Signer07|GLEICH DONNERSTAG FREITAG UEBERALL KOMMEN|und das ganze erreicht uns dann am donnerstag und freitag überall
01August_2011_Monday_heute-4849|01August_2011_Monday_heute-4849/1/*.png|-1|-1|Signer07|SOMMER KOENNEN SCHOEN|sommer kann ja so schön sein
01November_2010_Monday_heute-1716|01November_2010_Monday_heute-1716/1/*.png|-1|-1|Signer05|IX BERG WARM LUFT negalp-AUCH neg-ACHTZEHN neg-GRAD NICHT|es gibt keinen föhn mehr am alpenrand und deshalb auch keine achtzehn grad mehr dort
01June_2011_Wednesday_tagesschau-6950|01June_2011_Wednesday_tagesschau-6950/1/*.png|-1|-1|Signer01|HEUTE NACHT SUED KOMMEN REGEN IX BISSCHEN|in der nacht ziehen sich die wolken in den süden zurück hier und da regnet es noch etwas
01August_2011_Monday_heute-4854|01August_2011_Monday_heute-4854/1/*.png|-1|-1|Signer07|IN-KOMMEND TAG AUCH poss-BEI-UNS|die erreichen uns in den nächsten tagen auch
01November_2010_Monday_heute-1711|01November_2010_Monday_heute-1711/1/*.png|-1|-1|Signer05|HEUTE NACHT NORD MEISTENS WOLKE BISSCHEN REGEN|heute nacht stark bewölkt im norden dazu immer wieder ein bisschen regen
01August_2011_Monday_heute-4853|01August_2011_Monday_heute-4853/1/*.png|-1|-1|Signer07|SCHON DREISSIG GRAD KOMMEN|dort sind es dreißig grad
01June_2011_Wednesday_tagesschau-6957|01June_2011_Wednesday_tagesschau-6957/1/*.png|-1|-1|Signer01|SAMSTAG NORD FREUNDLICH SONNE REGION AB NACH MITTAG WEHEN GEWITTER KOENNEN|am samstag ist es im norden weiter freundlich in der südhälfte ab dem nachmittag mitunter unwetterartige gewitter
01February_2011_Tuesday_tagesschau-4971|01February_2011_Tuesday_tagesschau-4971/1/*.png|-1|-1|Signer08|SUED SCHWACH NORD MAESSIG WEHEN KUESTE STURM KOENNEN|im süden schwacher im norden mäßiger bis frischer wind an den küsten starke bis stürmische böen
01February_2011_Tuesday_heute-4643|01February_2011_Tuesday_heute-4643/1/*.png|-1|-1|Signer08|JETZT SCHOEN ABEND poss-EUCH|jetzt wünsche ich ihnen noch einen schönen abend
01November_2010_Monday_heute-1718|01November_2010_Monday_heute-1718/1/*.png|-1|-1|Signer05|SONST SCHWARZ WALD HERZ BERG BERLIN IX SONNE REGION|ansonsten sonne vom schwarzwald bis zum erzgebirge und berlin
01November_2010_Monday_heute-1720|01November_2010_Monday_heute-1720/1/*.png|-1|-1|Signer05|JETZT WECHSELHAFT|in den nächsten tagen wechselhaftes wetter bei uns dann in deutschland
01August_2011_Monday_heute-4862|01August_2011_Monday_heute-4862/1/*.png|-1|-1|Signer07|DANN NORD DEUTSCH LAND SONNE|dann scheint sie erstmal in norddeutschland
01July_2009_Wednesday_tagesschau-4552|01July_2009_Wednesday_tagesschau-4552/1/*.png|-1|-1|Signer09|IM-VERLAUF NACHT TEIL UEBERWIEGEND REGEN GEWITTER|bis in die nacht hinein sind immer noch einige teilweise unwetterartige schauer und gewitter unterwegs
01April_2010_Thursday_heute-6701|01April_2010_Thursday_heute-6701/1/*.png|-1|-1|Signer04|KUEHL IN-KOMMEND NACHT|und sehr kühl wird auch die kommende nacht
01June_2010_Tuesday_tagesschau-5014|01June_2010_Tuesday_tagesschau-5014/1/*.png|-1|-1|Signer01|SAMSTAG VIEL SONNE|am samstag viel sonnenschein
01April_2010_Thursday_heute-6708|01April_2010_Thursday_heute-6708/1/*.png|-1|-1|Signer04|AUCH SAMSTAG WEST FREUNDLICH IX TROCKEN WEST REGEN|und auch am samstag im osten noch freundlich im westen dann zum teil kräftige schauer
01June_2010_Tuesday_tagesschau-5013|01June_2010_Tuesday_tagesschau-5013/1/*.png|-1|-1|Signer01|FREITAG IX VIEL SONNE NUR ALPEN BISSCHEN REGEN|am freitag überall viel sonne nur an den alpen regnet es noch vereinzelt
01November_2010_Monday_heute-1721|01November_2010_Monday_heute-1721/1/*.png|-1|-1|Signer05|BESONDERS NORD WIND REGEN|es wird vor allem im norden windig und regnerisch
01August_2011_Monday_heute-4863|01August_2011_Monday_heute-4863/1/*.png|-1|-1|Signer07|ABER NORDWEST MUENSTER LAND BIS IX HESSEN REGION VIELLEICHT THUERINGEN REGION AUCH BISSCHEN WOLKE BISSCHEN STARK WOLKE|allerdings so von münsterland runter bis nach hessen vielleicht auch bis nach thüringen sind vorübergehend die wolken ein bisschen dichter
01February_2011_Tuesday_heute-4642|01February_2011_Tuesday_heute-4642/1/*.png|-1|-1|Signer08|DANN SCHAUEN UNWETTER WIE SITUATION WIE-AUSSEHEN SIE KOENNEN MACHEN ANSCHAUEN Z+D+E TEXT ODER KOENNEN INTERNET SIE SCHAUEN|und wenn sie sich über die aktuelle unwetterlage bei uns informieren möchten dann können sie das jederzeit tun entweder über zdf text oder über das internet
01November_2010_Monday_heute-1719|01November_2010_Monday_heute-1719/1/*.png|-1|-1|Signer05|NORDWEST WIEDER GRAU NACH MITTAG IX NORD REGEN FRISCH UND WIND IX WEHEN|aber im norden wieder grau und nachmittags regnet es auch an der nordsee und im nordwesten bei einem frischen zum teil kräftigen südwestwind
01February_2011_Tuesday_tagesschau-4970|01February_2011_Tuesday_tagesschau-4970/1/*.png|-1|-1|Signer08|NACH MITTAG AUFLOESEN ABER ABEND KOMMEN REGEN|am nachmittag lockert es hier und da auf aber gegen abend zieht von der nordsee wieder regen heran
01November_2010_Monday_heute-1710|01November_2010_Monday_heute-1710/1/*.png|-1|-1|Signer05|UND IM-VERLAUF NAECHSTE IN-KOMMEND WEITER REGEN AUCH WIND AUCH KUEHL MANCHMAL MILD LUFT|und danach geht es in den nächsten tagen mit weiterem regen weiter und dazu auch wind und mal kühlere mal etwas mildere luft
01August_2011_Monday_heute-4852|01August_2011_Monday_heute-4852/1/*.png|-1|-1|Signer07|KOMMEN ALLE KOMMEN WARM SONNE AUS FRANKREICH KOMMEN|und es wird uns alle treffen denn die wärme die hitze kommt aus frankreich
01June_2011_Wednesday_tagesschau-6956|01June_2011_Wednesday_tagesschau-6956/1/*.png|-1|-1|Signer01|FREITAG FREUNDLICH SONNE SUED SCHWUEL AB NACH MITTAG GEWITTER REGEN IX KOENNEN|am freitag ist es freundlich im süden schwül ab dem nachmittag vereinzelt kräftige schauer und gewitter
01November_2010_Monday_heute-1717|01November_2010_Monday_heute-1717/1/*.png|-1|-1|Signer05|STARK WOLKE BISSCHEN REGEN|es ist stark bewölkt es regnet ein bisschen am alpenrand
01June_2011_Wednesday_tagesschau-6951|01June_2011_Wednesday_tagesschau-6951/1/*.png|-1|-1|Signer01|MORGEN SUED poss-SEIN WOLKE HIMMEL DANN AUFLOESEN NACH MITTAG SUED BISSCHEN SCHAUER|am tag ist es im süden erst bewölkt dann lockern die wolken auf am nachmittag an den alpen ein paar schauer
01August_2011_Monday_heute-4855|01August_2011_Monday_heute-4855/1/*.png|-1|-1|Signer07|AM MITTWOCH WIEDER WARM DRUCK WEST SCHON ANFANG REGEN GEWITTER|aber ab mittwoch wird es schon wieder sehr schwül im westen kann es die ersten regenschauer und gewitter geben
01April_2010_Thursday_heute-6709|01April_2010_Thursday_heute-6709/1/*.png|-1|-1|Signer04|SONNTAG SUED|sonntag im nordwesten schauer und auch im süden
01July_2009_Wednesday_tagesschau-4562|01July_2009_Wednesday_tagesschau-4562/1/*.png|-1|-1|Signer09|SAMSTAG SONNTAG ALLE TIEF SCHAUER NEU WOLKE GEWITTER ICH SONNTAG BISSCHEN KUEHL|am wochenende machen sich atlantische tiefausläufer mit neuen wolken und gewittern bemerkbar die uns am sonntag eine leichte abkühlung bringen
01February_2011_Tuesday_heute-4629|01February_2011_Tuesday_heute-4629/1/*.png|-1|-1|Signer08|LIEB ZUSCHAUER GUT ABEND|liebe zuschauer guten abend
01July_2009_Wednesday_tagesschau-4554|01July_2009_Wednesday_tagesschau-4554/1/*.png|-1|-1|Signer09|TEIL AUCH NEBEL|örtlich ist auch wieder nebel dabei
01April_2010_Thursday_heute-6700|01April_2010_Thursday_heute-6700/1/*.png|-1|-1|Signer04|WARM MEER WEST WARM WEST BLEIBEN KUEHL|weiterhin warm am östlichen mittelmeer und auch richtung westliches mittelmeer ganz west und nordeuropa bleibt kühl
01July_2009_Wednesday_tagesschau-4553|01July_2009_Wednesday_tagesschau-4553/1/*.png|-1|-1|Signer09|IX REGION WIND RUHIG KLAR|aber insgesamt beruhigt sich das wetter und es klart häufig auf
01June_2011_Wednesday_heute-952|01June_2011_Wednesday_heute-952/1/*.png|-1|-1|Signer01|GESAMT TROCKEN REGION KUEHL MORGEN DASSELBE SCHAUER REGION|sonst bleibt es trocken relativ kühl die nacht und auch morgen allenfalls noch ein paar schauer am alpenrand
01June_2011_Wednesday_heute-955|01June_2011_Wednesday_heute-955/1/*.png|-1|-1|Signer01|SCHOEN ABEND TSCHUESS|ich wünsche ihnen noch einen schönen abend
01December_2011_Thursday_tagesschau-3467|01December_2011_Thursday_tagesschau-3467/1/*.png|-1|-1|Signer05|IX MEER TIEF NORDWEST WETTER WECHSELHAFT|tiefdruckgebiete über dem atlantik sorgen in der nordwesthälfte deutschlands für unbeständiges wetter
01March_2011_Tuesday_tagesschau-2208|01March_2011_Tuesday_tagesschau-2208/1/*.png|-1|-1|Signer01|HEUTE NACHT NORDWEST SCHWARZ WALD REGION SUED STARK REGION KLAR STERN KOENNEN SEHEN IX BISSCHEN NEBEL BESONDERS NAH KUESTE|heute nacht gibt es im nordwesten sowie vom schwarzwald bis zu den alpen noch ein paar dichtere wolken sonst ist es vielerorts klar hier und da bildet sich nebel besonders in küstennähe
01May_2010_Saturday_tagesschau-7189|01May_2010_Saturday_tagesschau-7189/1/*.png|-1|-1|Signer05|BESONDERS NACH MITTAG GEWITTER|vor allem am nachmittag sind einzelne gewitter dabei
01May_2010_Saturday_tagesschau-7187|01May_2010_Saturday_tagesschau-7187/1/*.png|-1|-1|Signer05|NACHT SUED REGEN SUEDOST REGEN NORD KLAR|in der nacht regnet es im süden und südosten hier und da richtung norden ist es teilweise klar
01December_2011_Thursday_tagesschau-3469|01December_2011_Thursday_tagesschau-3469/1/*.png|-1|-1|Signer05|NACHT BESONDERS NORD NORDWEST REGEN SUED TEIL KLAR WOLKE NEBEL|in der nacht regnet es vor allem im norden und nordwesten im süden ist es teils klar teils wolkig oder neblig
01July_2011_Friday_tagesschau-2762|01July_2011_Friday_tagesschau-2762/1/*.png|-1|-1|Signer04|NORDOST WOLKE IX REGEN NORD KUESTE LANG REGEN|im norden und osten werden die wolken in der nacht und am tag dichter hier und da fällt dort regen der nord östlich der elbe länger andauert
01June_2011_Wednesday_heute-954|01June_2011_Wednesday_heute-954/1/*.png|-1|-1|Signer01|BEDEUTEN WOCHENENDE IN-KOMMEND KOENNEN SAGEN SOMMER PASSEN SOMMER AB SAMSTAG MITTE REGION SUED REGEN DABEI|in der summe also dieses lange wochenende sehr sommerlich allerdings dann ab samstag in der mitte und auch im süden wieder mit gewittern
01June_2011_Wednesday_heute-953|01June_2011_Wednesday_heute-953/1/*.png|-1|-1|Signer01|SONST VIEL SONNE REGION TEILWEISE WEHEN STARK TEMPERATUR ANGENEHM TEILWEISE UNGEFAEHR ZWANZIG GRAD UEBER BIS FUENF ZWANZIG REGION|aber sonst viel sonnenschein teilweise kräftiger nordnordostwind und angenehme temperaturen teilweise wieder so knapp über zwanzig grad bis fünfundzwanzig sogar am rhein
01May_2010_Saturday_tagesschau-7186|01May_2010_Saturday_tagesschau-7186/1/*.png|-1|-1|Signer05|NORD KUEHL KOMMEN REGION WARM EINIGERMASSEN|in den norden strömt kühlere luft während die luft sonst relativ warm bleibt
01December_2011_Thursday_tagesschau-3468|01December_2011_Thursday_tagesschau-3468/1/*.png|-1|-1|Signer05|SUEDOST VORTEIL IX HOCH BELGIEN KOMMEN|die südöstlichen landesteile profitieren zunächst noch von einem hoch über dem balkan
01March_2011_Tuesday_tagesschau-2207|01March_2011_Tuesday_tagesschau-2207/1/*.png|-1|-1|Signer01|MORGEN WETTER WIE-AUSSEHEN MITTWOCH ZWEITE MAERZ|und nun die wettervorhersage für morgen mittwoch den zweiten märz
01April_2010_Thursday_tagesschau-4333|01April_2010_Thursday_tagesschau-4333/1/*.png|-1|-1|Signer04|OSTERN MONTAG AUCH REGEN HOCH SCHNEE|auch am ostermontag regnet es stellenweise in höheren lagen auch schnee
01June_2010_Tuesday_heute-6607|01June_2010_Tuesday_heute-6607/1/*.png|-1|-1|Signer01|BIS SPAETESTEN DONNERSTAG BLEIBEN REGEN BIS MORGEN|und das wird vor allen dingen bis einschließlich donnerstag zum teil noch ergiebigen regen bringen vor allen dingen dann morgen wieder
01July_2011_Friday_tagesschau-2764|01July_2011_Friday_tagesschau-2764/1/*.png|-1|-1|Signer04|WIND MAESSIG WEHEN MEER REGION STURM MOEGLICH|der wind weht meist mäßig an der sie frisch auf den bergen und an der see sind stürmische böen möglich
01June_2010_Tuesday_heute-6609|01June_2010_Tuesday_heute-6609/1/*.png|-1|-1|Signer01|HEUTE NACHT REGION REGEN SUED WEST BISSCHEN REGEN NORDWEST KLAR STERN KOENNEN SEHEN|also auch heute nacht weiterhin regnerisch über der osthälfte im südwesten einige schauer im nordwesten klar
01December_2011_Thursday_tagesschau-3466|01December_2011_Thursday_tagesschau-3466/1/*.png|-1|-1|Signer05|JETZT WETTER MORGEN FREITAG ZWEITE DEZEMBER|und nun die wettervorhersage für morgen freitag den zweiten dezember
01May_2010_Saturday_tagesschau-7188|01May_2010_Saturday_tagesschau-7188/1/*.png|-1|-1|Signer05|MORGEN WOLKE UEBERWIEGEND REGEN SCHAUER AUCH STARK REGEN|morgen überwiegen die wolken es regnet oder schauert verbreitet mitunter auch kräftig
